;Crude_oil;Natural_gas;Coking_coal;Bituminous_coal;Coke;Other_coal;Gasoline;LPG;Jetfuel;Fuel;Fuel_oil;Heavy_fuel_oil;Other_fuel_prod;Electricty;HeatGeoSol_Th;Steel_Iron;NonFerrousMetals;Cement;OthMin;Buildings_constr;ChemicalPharma;Paper;Mining;TranspEquipment;Transport_serv;Agri_Forestry;Fishing;Food_industry;Composite;;;;;;;;;;;;;;;
Labour;38559.14428;132.5755368;132.5755368;132.5755368;132.5755368;132.5755368;308.1261586;308.1261586;308.1261586;308.1261586;308.1261586;308.1261586;308.1261586;308.1261586;308.1261586;308.1261586;308.1261586;308.1261586;308.1261586;308.1261586;308.1261586;308.1261586;308.1261586;308.1261586;308.1261586;308.1261586;308.1261586;308.1261586;308.1261586;308.1261586;308.1261586;308.1261586;308.1261586;308.1261586;308.1261586;308.1261586;308.1261586;171.8451963;171.8451963;308.1261586;4620.626029;2473.431401;5897.779929;13282.41321
Thousand of Full-time equivalent;0;0;0;0;0;0;0;0;0;0;0;0;0;0;0;0;0;0;1;0;0;0;0;0;0;0;0;0;0;;;;;;;;;;;;;;;
